[
    {
        "inputs": [
            {
                "internalType": "address payable",
                "name": "_owner",
                "type": "address"
            },
            {
                "internalType": "address",
                "name": "token1",
                "type": "address"
            }
        ],
        "stateMutability": "nonpayable",
        "type": "constructor"
    },
    {
        "anonymous": false,
        "inputs": [
            {
                "indexed": false,
                "internalType": "address",
                "name": "Staker",
                "type": "address"
            },
            {
                "indexed": false,
                "internalType": "uint256",
                "name": "amount",
                "type": "uint256"
            },
            {
                "indexed": false,
                "internalType": "uint256",
                "name": "bnbamount",
                "type": "uint256"
            }
        ],
        "name": "FARM",
        "type": "event"
    },
    {
        "anonymous": false,
        "inputs": [
            {
                "indexed": false,
                "internalType": "address",
                "name": "Staker",
                "type": "address"
            },
            {
                "indexed": false,
                "internalType": "uint256",
                "name": "amount",
                "type": "uint256"
            }
        ],
        "name": "HARVEST",
        "type": "event"
    },
    {
        "anonymous": false,
        "inputs": [
            {
                "indexed": false,
                "internalType": "address",
                "name": "Staker",
                "type": "address"
            },
            {
                "indexed": false,
                "internalType": "uint256",
                "name": "amount",
                "type": "uint256"
            },
            {
                "indexed": false,
                "internalType": "uint256",
                "name": "bnbamount",
                "type": "uint256"
            }
        ],
        "name": "WITHDRAW",
        "type": "event"
    },
    {
        "inputs": [
            {
                "internalType": "uint256",
                "name": "",
                "type": "uint256"
            }
        ],
        "name": "Bonus",
        "outputs": [
            {
                "internalType": "uint256",
                "name": "",
                "type": "uint256"
            }
        ],
        "stateMutability": "view",
        "type": "function"
    },
    {
        "inputs": [
            {
                "internalType": "uint256",
                "name": "",
                "type": "uint256"
            }
        ],
        "name": "Duration",
        "outputs": [
            {
                "internalType": "uint256",
                "name": "",
                "type": "uint256"
            }
        ],
        "stateMutability": "view",
        "type": "function"
    },
    {
        "inputs": [
            {
                "internalType": "address",
                "name": "",
                "type": "address"
            }
        ],
        "name": "Farmers",
        "outputs": [
            {
                "internalType": "uint256",
                "name": "totalStakedTokenUser",
                "type": "uint256"
            },
            {
                "internalType": "uint256",
                "name": "totalStakedNativeUser",
                "type": "uint256"
            },
            {
                "internalType": "uint256",
                "name": "totalUnstakedTokenUser",
                "type": "uint256"
            },
            {
                "internalType": "uint256",
                "name": "totalUnstakedNativeUser",
                "type": "uint256"
            },
            {
                "internalType": "uint256",
                "name": "totalClaimedRewardTokenUser",
                "type": "uint256"
            },
            {
                "internalType": "uint256",
                "name": "farmCount",
                "type": "uint256"
            },
            {
                "internalType": "bool",
                "name": "alreadyExists",
                "type": "bool"
            }
        ],
        "stateMutability": "view",
        "type": "function"
    },
    {
        "inputs": [
            {
                "internalType": "uint256",
                "name": "",
                "type": "uint256"
            }
        ],
        "name": "FarmersID",
        "outputs": [
            {
                "internalType": "address",
                "name": "",
                "type": "address"
            }
        ],
        "stateMutability": "view",
        "type": "function"
    },
    {
        "inputs": [
            {
                "internalType": "uint256",
                "name": "",
                "type": "uint256"
            }
        ],
        "name": "Package",
        "outputs": [
            {
                "internalType": "uint256",
                "name": "nativeAmount",
                "type": "uint256"
            },
            {
                "internalType": "uint256",
                "name": "tokenAmount",
                "type": "uint256"
            },
            {
                "internalType": "uint256",
                "name": "rewardTokenAmount",
                "type": "uint256"
            },
            {
                "internalType": "uint256",
                "name": "lockingPeriod",
                "type": "uint256"
            },
            {
                "internalType": "bool",
                "name": "active",
                "type": "bool"
            },
            {
                "internalType": "bool",
                "name": "isExist",
                "type": "bool"
            }
        ],
        "stateMutability": "view",
        "type": "function"
    },
    {
        "inputs": [
            {
                "internalType": "uint256",
                "name": "first",
                "type": "uint256"
            },
            {
                "internalType": "uint256",
                "name": "second",
                "type": "uint256"
            },
            {
                "internalType": "uint256",
                "name": "third",
                "type": "uint256"
            },
            {
                "internalType": "uint256",
                "name": "fourth",
                "type": "uint256"
            },
            {
                "internalType": "uint256",
                "name": "fifth",
                "type": "uint256"
            }
        ],
        "name": "SetStakeBonus",
        "outputs": [],
        "stateMutability": "nonpayable",
        "type": "function"
    },
    {
        "inputs": [
            {
                "internalType": "uint256",
                "name": "first",
                "type": "uint256"
            },
            {
                "internalType": "uint256",
                "name": "second",
                "type": "uint256"
            },
            {
                "internalType": "uint256",
                "name": "third",
                "type": "uint256"
            },
            {
                "internalType": "uint256",
                "name": "fourth",
                "type": "uint256"
            },
            {
                "internalType": "uint256",
                "name": "fifth",
                "type": "uint256"
            }
        ],
        "name": "SetStakeDuration",
        "outputs": [],
        "stateMutability": "nonpayable",
        "type": "function"
    },
    {
        "inputs": [
            {
                "internalType": "uint256",
                "name": "_min",
                "type": "uint256"
            }
        ],
        "name": "SetStakeLimits",
        "outputs": [],
        "stateMutability": "nonpayable",
        "type": "function"
    },
    {
        "inputs": [
            {
                "internalType": "uint256",
                "name": "_fee",
                "type": "uint256"
            }
        ],
        "name": "SetTotalFees",
        "outputs": [],
        "stateMutability": "nonpayable",
        "type": "function"
    },
    {
        "inputs": [
            {
                "internalType": "uint256",
                "name": "index",
                "type": "uint256"
            }
        ],
        "name": "activatePackage",
        "outputs": [],
        "stateMutability": "nonpayable",
        "type": "function"
    },
    {
        "inputs": [
            {
                "internalType": "uint256",
                "name": "amount1",
                "type": "uint256"
            }
        ],
        "name": "createFlexbleFarm",
        "outputs": [],
        "stateMutability": "payable",
        "type": "function"
    },
    {
        "inputs": [
            {
                "internalType": "uint256",
                "name": "timeperiod",
                "type": "uint256"
            },
            {
                "internalType": "uint256",
                "name": "amount1",
                "type": "uint256"
            }
        ],
        "name": "createLockFarm",
        "outputs": [],
        "stateMutability": "payable",
        "type": "function"
    },
    {
        "inputs": [
            {
                "internalType": "uint256",
                "name": "nativelimit",
                "type": "uint256"
            },
            {
                "internalType": "uint256",
                "name": "tokenLimit",
                "type": "uint256"
            },
            {
                "internalType": "uint256",
                "name": "rewardAmount",
                "type": "uint256"
            },
            {
                "internalType": "uint256",
                "name": "LockPeriod",
                "type": "uint256"
            }
        ],
        "name": "createPackage",
        "outputs": [],
        "stateMutability": "nonpayable",
        "type": "function"
    },
    {
        "inputs": [
            {
                "internalType": "uint256",
                "name": "packageIndex",
                "type": "uint256"
            },
            {
                "internalType": "uint256",
                "name": "amount1",
                "type": "uint256"
            }
        ],
        "name": "createPackageFarm",
        "outputs": [],
        "stateMutability": "payable",
        "type": "function"
    },
    {
        "inputs": [
            {
                "internalType": "uint256",
                "name": "index",
                "type": "uint256"
            }
        ],
        "name": "deactivatePackage",
        "outputs": [],
        "stateMutability": "nonpayable",
        "type": "function"
    },
    {
        "inputs": [
            {
                "internalType": "address",
                "name": "",
                "type": "address"
            },
            {
                "internalType": "uint256",
                "name": "",
                "type": "uint256"
            }
        ],
        "name": "farmingRecord",
        "outputs": [
            {
                "internalType": "uint256",
                "name": "staketime",
                "type": "uint256"
            },
            {
                "internalType": "uint256",
                "name": "lockingtime",
                "type": "uint256"
            },
            {
                "internalType": "uint256",
                "name": "tokenamount",
                "type": "uint256"
            },
            {
                "internalType": "uint256",
                "name": "nativeamount",
                "type": "uint256"
            },
            {
                "internalType": "uint256",
                "name": "reward",
                "type": "uint256"
            },
            {
                "internalType": "uint256",
                "name": "lastharvesttime",
                "type": "uint256"
            },
            {
                "internalType": "uint256",
                "name": "harvestreward",
                "type": "uint256"
            },
            {
                "internalType": "uint256",
                "name": "persecondreward",
                "type": "uint256"
            },
            {
                "internalType": "bool",
                "name": "harvested",
                "type": "bool"
            },
            {
                "internalType": "bool",
                "name": "withdrawn",
                "type": "bool"
            }
        ],
        "stateMutability": "view",
        "type": "function"
    },
    {
        "inputs": [],
        "name": "flexibleFarmingAPY",
        "outputs": [
            {
                "internalType": "uint256",
                "name": "",
                "type": "uint256"
            }
        ],
        "stateMutability": "view",
        "type": "function"
    },
    {
        "inputs": [
            {
                "internalType": "uint256",
                "name": "val",
                "type": "uint256"
            }
        ],
        "name": "getRatio",
        "outputs": [
            {
                "internalType": "uint256",
                "name": "",
                "type": "uint256"
            }
        ],
        "stateMutability": "view",
        "type": "function"
    },
    {
        "inputs": [
            {
                "internalType": "uint256",
                "name": "index",
                "type": "uint256"
            }
        ],
        "name": "harvest",
        "outputs": [],
        "stateMutability": "nonpayable",
        "type": "function"
    },
    {
        "inputs": [],
        "name": "maxTokenAmount",
        "outputs": [
            {
                "internalType": "uint256",
                "name": "",
                "type": "uint256"
            }
        ],
        "stateMutability": "view",
        "type": "function"
    },
    {
        "inputs": [],
        "name": "minimumTokenAmount",
        "outputs": [
            {
                "internalType": "uint256",
                "name": "",
                "type": "uint256"
            }
        ],
        "stateMutability": "view",
        "type": "function"
    },
    {
        "inputs": [],
        "name": "owner",
        "outputs": [
            {
                "internalType": "address",
                "name": "",
                "type": "address"
            }
        ],
        "stateMutability": "view",
        "type": "function"
    },
    {
        "inputs": [],
        "name": "percentDivider",
        "outputs": [
            {
                "internalType": "uint256",
                "name": "",
                "type": "uint256"
            }
        ],
        "stateMutability": "view",
        "type": "function"
    },
    {
        "inputs": [
            {
                "internalType": "address",
                "name": "user",
                "type": "address"
            },
            {
                "internalType": "uint256",
                "name": "blockno",
                "type": "uint256"
            }
        ],
        "name": "realtimeRewardPerBlock",
        "outputs": [
            {
                "internalType": "uint256",
                "name": "",
                "type": "uint256"
            },
            {
                "internalType": "uint256",
                "name": "",
                "type": "uint256"
            }
        ],
        "stateMutability": "view",
        "type": "function"
    },
    {
        "inputs": [
            {
                "internalType": "uint256",
                "name": "newAPY",
                "type": "uint256"
            }
        ],
        "name": "setFlexibleFarmAPY",
        "outputs": [],
        "stateMutability": "nonpayable",
        "type": "function"
    },
    {
        "inputs": [],
        "name": "tokenAddr",
        "outputs": [
            {
                "internalType": "contract IERC20",
                "name": "",
                "type": "address"
            }
        ],
        "stateMutability": "view",
        "type": "function"
    },
    {
        "inputs": [],
        "name": "totalFarmers",
        "outputs": [
            {
                "internalType": "uint256",
                "name": "",
                "type": "uint256"
            }
        ],
        "stateMutability": "view",
        "type": "function"
    },
    {
        "inputs": [],
        "name": "totalFee",
        "outputs": [
            {
                "internalType": "uint256",
                "name": "",
                "type": "uint256"
            }
        ],
        "stateMutability": "view",
        "type": "function"
    },
    {
        "inputs": [],
        "name": "totalPackage",
        "outputs": [
            {
                "internalType": "uint256",
                "name": "",
                "type": "uint256"
            }
        ],
        "stateMutability": "view",
        "type": "function"
    },
    {
        "inputs": [
            {
                "internalType": "address",
                "name": "_newOwner",
                "type": "address"
            }
        ],
        "name": "updateOwnership",
        "outputs": [],
        "stateMutability": "nonpayable",
        "type": "function"
    },
    {
        "inputs": [
            {
                "internalType": "uint256",
                "name": "index",
                "type": "uint256"
            }
        ],
        "name": "withdraw",
        "outputs": [],
        "stateMutability": "nonpayable",
        "type": "function"
    },
    {
        "inputs": [],
        "name": "withdrawBaseCurrency",
        "outputs": [],
        "stateMutability": "nonpayable",
        "type": "function"
    },
    {
        "inputs": [
            {
                "internalType": "address",
                "name": "addr",
                "type": "address"
            },
            {
                "internalType": "uint256",
                "name": "amount",
                "type": "uint256"
            }
        ],
        "name": "withdrawToken",
        "outputs": [],
        "stateMutability": "nonpayable",
        "type": "function"
    },
    {
        "stateMutability": "payable",
        "type": "receive"
    }
]